chu,ѡ,,ѡ,I-----------n
chu,ꙉ,,ꙉ,Ma-s---mn---i
chu,ꙉ,,ꙉ҃,Ma-s---mn---i
chu,а,,а,C-----------n
chu,абиѥ,,абиѥ,Df----------n
chu,абиѥ,,абие,Df----------n
chu,абиѥ,,абь,Df----------n
chu,абиѥ,,абье,Df----------n
chu,авѣ,,авѣ,Df----------n
chu,авѣ,,ѣвѣ,Df----------n
chu,авва,,авва,Nb----------n
chu,азъ,,азъ,Pp1s---qn---i
chu,азъ,,ѣзъ,Pp1s---qn---i
chu,азъ,,мѧ,Pp1s---qa---i
chu,азъ,,менѣ,Pp1s---ql---i
chu,азъ,,мене,Pp1s---qa---i
chu,азъ,,мене,Pp1s---qg---i
chu,азъ,,ми,Pp1s---qd---i
chu,азъ,,мнѣ,Pp1s---ql---i
chu,азъ,,мноѭ,Pp1s---qi---i
chu,азъ,,мънѣ,Pp1s---qd---i
chu,азъ,,мънѣ,Pp1s---ql---i
chu,азъ,,мъноѭ,Pp1s---qi---i
chu,азъ,,мьнѣ,Pp1s---qd---i
chu,азъ,,мьнѣ,Pp1s---ql---i
chu,азъ,,мьноѭ,Pp1s---qi---i
chu,али,,али,C-----------n
chu,аминъ,,амин,I-----------n
chu,аминъ,,аминъ,I-----------n
chu,аминъ,,аминь,I-----------n
chu,аминъ,,амн,I-----------n
chu,аминъ,,амнъ,I-----------n
chu,аминъ,,амнь,I-----------n
chu,аще,,аште,Df----------n
chu,аще,,аште,G-----------n
chu,аще,,аще,Df----------n
chu,аще,,аще,G-----------n
chu,аще,,Аще,G-----------n
chu,аще,,ащте,Df----------n
chu,аще,,ащте,G-----------n
chu,аще,,ѣште,Df----------n
chu,аще,,ѣште,G-----------n
chu,аще,,ѣще,Df----------n
chu,аще,,ѣще,G-----------n
chu,без,,бе,R-----------n
chu,без,,без,R-----------n
chu,без,,бес,R-----------n
chu,блѫдьно,,блѫдъно,Df-------p--i
chu,блѫдьно,,блѫдьно,Df-------p--i
chu,близъ,,близъ,Df-------p--i
chu,близъ,,близъ,R-----------n
chu,бо,,бо,Df----------n
chu,ва,,вꙑ,Pp2d---qa---i
chu,ва,,вꙑ,Pp2d---qn---i
chu,ва,,ваѭ,Pp2d---ql---i
chu,ва,,ва,Pp2d---qn---i
chu,ва,,вама,Pp2d---qd---i
chu,ва,,ваю,Pp2d---qg---i
chu,ва,,ваю,Pp2d---ql---i
chu,вашь,,вашѧ,Ps2p---fn---i
chu,вашь,,вашѧ,Ps2p---pa---i
chu,вашь,,вашѫ,Ps2s---fa---i
chu,вашь,,ваша,Ps2d---ma-a-i
chu,вашь,,ваша,Ps2d---ma-i-i
chu,вашь,,ваша,Ps2d---mn---i
chu,вашь,,ваша,Ps2p---na---i
chu,вашь,,ваша,Ps2p---nn---i
chu,вашь,,ваша,Ps2s---fn---i
chu,вашь,,вашеѩ,Ps2s---fg---i
chu,вашь,,вашеѭ,Ps2s---fi---i
chu,вашь,,ваше,Ps2s---na---i
chu,вашь,,ваше,Ps2s---nn---i
chu,вашь,,вашего,Ps2s---og---i
chu,вашь,,вашемоу,Ps2s---od---i
chu,вашь,,вашемъ,Ps2s---ol---i
chu,вашь,,вашемь,Ps2s---ol---i
chu,вашь,,вашею,Ps2d---qg---i
chu,вашь,,вашею,Ps2d---ql---i
chu,вашь,,ваши,Ps2d---ra---i
chu,вашь,,ваши,Ps2d---rn---i
chu,вашь,,ваши,Ps2p---mn---i
chu,вашь,,вашими,Ps2p---qi---i
chu,вашь,,вашимъ,Ps2p---qd---i
chu,вашь,,вашимъ,Ps2s---oi---i
chu,вашь,,вашимь,Ps2s---oi---i
chu,вашь,,вашихъ,Ps2p---qg---i
chu,вашь,,вашихъ,Ps2p---ql---i
chu,вашь,,вашъ,Ps2s---ma-a-i
chu,вашь,,вашъ,Ps2s---ma-i-i
chu,вашь,,вашъ,Ps2s---mn---i
chu,вашь,,вашь,Ps2s---mn---i
chu,вѣ,,вѣ,Pp1d---qn---i
chu,вꙑ,,вꙑ,Pp2p---qa---i
chu,вꙑ,,вꙑ,Pp2p---qd---i
chu,вꙑ,,вꙑ,Pp2p---qn---i
chu,вꙑ,,вами,Pp2p---qi---i
chu,вꙑ,,вамъ,Pp2p---qd---i
chu,вꙑ,,вамь,Pp2p---qd---i
chu,вꙑ,,васъ,Pp2p---qa---i
chu,вꙑ,,васъ,Pp2p---qg---i
chu,вꙑ,,васъ,Pp2p---ql---i
chu,вꙑ,,вмъ,Pp2p---qd---i
chu,вꙑ,,въ,Pp2p---qd---i
chu,вѣ,,нꙑ,Pp1d---qa---i
chu,вѣ,,нама,Pp1d---qd---i
chu,вѣ,,нама,Pp1d---qi---i
chu,вѣ,,наю,Pp1d---qg---i
chu,вѣ,,наю,Pp1d---ql---i
chu,воаниръꙉесъ,,воаниръꙉесъ,Ne----------n
chu,врьхоу,,връхоу,Df----------n
chu,врьхоу,,врьхоу,Df----------n
chu,вꙑше,,вꙑше,Df-------c--i
chu,вѧще,,вѧште,Df-------c--i
chu,вѧще,,вѧще,Df-------c--i
chu,въ,,в,R-----------n
chu,въ,,вꙑ,R-----------n
chu,въ,,во,R-----------n
chu,въ,,въ,R-----------n
chu,въ,,Въ,R-----------n
chu,въ,,вь,R-----------n
chu,възможъно,,възможъно,Df-------p--i
chu,въкоупѣ,,въкоупѣ,Df----------n
chu,въкоупѣ,,вькоупѣ,Df----------n
chu,въкоупъ,,въкоупъ,Df----------n
chu,вънѣ,,вънѣ,Df----------n
chu,вънѣ,,вьнѣ,Df----------n
chu,вънѣѭдѫ,,вънѣѭдѫ,Df----------n
chu,вънѣѭдѫ,,вьнѣѭдѫ,Df----------n
chu,вънѣѭдоу,,вънѣѭдоу,R-----------n
chu,вънѣѭдоу,,вьнѣѫдоу,R-----------n
chu,вънезаапѫ,,вънезаапѫ,Df----------n
chu,вънезаапѫ,,вьнезаапѫ,Df----------n
chu,вънѫтрь,,вънѫтрь,Df----------n
chu,вънѫтрь,,вьнѫтрь,Df----------n
chu,вънѫтрьѭдѫ,,вънѫтрьѭдѫ,Df----------n
chu,вънѫтрьѭдѫ,,вънѫтрьѫдѫ,Df----------n
chu,вънѫтрьѭдѫ,,вънѫтрьѫдоу,Df----------n
chu,вънъ,,вонъ,Df----------n
chu,вънъ,,вънъ,Df----------n
chu,вънъ,,вънъ,R-----------n
chu,вънъ,,вънь,Df----------n
chu,вънъ,,вьнъ,Df----------n
chu,въскѫѭ,,въскѫѭ,Du----------n
chu,въскорѣ,,въскорѣ,Df----------n
chu,въспѧть,,въспѧть,Df----------n
chu,въспѧть,,вьспѧть,Df----------n
chu,въторъ,,въторъи,Mo-p---qa---i
chu,въторъ,,въторъи,Mo-p---qn---i
chu,въторъ,,въторъи,Mo-p---qv---i
chu,въторъ,,въторъьи,Mo-p---qg---i
chu,въторъ,,въторъьми,Mo-p---qi---i
chu,въторъ,,въторъьмъ,Mo-p---qd---i
chu,въторъ,,въторъьхъ,Mo-p---ql---i
chu,вьнѣѭдѫ,,вьнѣѫдоу,Df----------n
chu,вьсѫдѣ,,въсѫдѣ,Df----------n
chu,вьсѫдѣ,,вьсѫдѣ,Df----------n
chu,вьсѫдоу,,въсѫдѫ,Df----------n
chu,вьсѫдоу,,вьсѫдоу,Df----------n
chu,вьсегда,,въсегда,Df----------n
chu,вьсегда,,вьсегда,Df----------n
chu,вьсьде,,весьде,Df----------n
chu,вьсьде,,вьсьде,Df----------n
chu,вьчера,,въчера,Df----------n
chu,вьчера,,вьчера,Df----------n
chu,ѥгда,,ѥгда,Dq----------n
chu,ѥгда,,ѥгда,G-----------n
chu,ѥгда,,егда,Dq----------n
chu,ѥгда,,егда,G-----------n
chu,ѥгдаже,,ѥгдаже,Dq----------n
chu,ѥгдаже,,ѥгдаже,G-----------n
chu,ѥгдаже,,егдаже,Dq----------n
chu,ѥгдаже,,егдаже,G-----------n
chu,горько,,горько,Df-------p--i
chu,да,,да,Df----------n
chu,да,,да,G-----------n
chu,даже,,даже,Df----------n
chu,далече,,дале,Df-------c--i
chu,далече,,далече,Df-------p--i
chu,девѧтъ,,девѧтъи,Mo-p---qa---i
chu,девѧтъ,,девѧтъи,Mo-p---qn---i
chu,девѧтъ,,девѧтъи,Mo-p---qv---i
chu,девѧтъ,,девѧтъьи,Mo-p---qg---i
chu,девѧтъ,,девѧтъьми,Mo-p---qi---i
chu,девѧтъ,,девѧтъьмъ,Mo-p---qd---i
chu,девѧтъ,,девѧтъьхъ,Mo-p---ql---i
chu,девѧть,,девѧти,Ma-s---fd---i
chu,девѧть,,девѧти,Ma-s---fg---i
chu,девѧть,,девѧти,Ma-s---fl---i
chu,девѧть,,девѧть,Ma-s---fa---i
chu,девѧть,,девѧть,Ma-s---fn---i
chu,десѧтъ,,десѧтъи,Mo-p---qa---i
chu,десѧтъ,,десѧтъи,Mo-p---qn---i
chu,десѧтъ,,десѧтъи,Mo-p---qv---i
chu,десѧтъ,,десѧтъьи,Mo-p---qg---i
chu,десѧтъ,,десѧтъьми,Mo-p---qi---i
chu,десѧтъ,,десѧтъьмъ,Mo-p---qd---i
chu,десѧтъ,,десѧтъьхъ,Mo-p---ql---i
chu,десѧть,,десет҇,Ma-s---pn---i
chu,десѧть,,десѧтѣ,Ma-d---ma-a-i
chu,десѧть,,десѧтѣ,Ma-d---ma-i-i
chu,десѧть,,десѧте,Ma-s---pl---i
chu,десѧть,,десѧтемъ,Ma-s---pi---i
chu,десѧть,,десѧти,Ma-s---pd---i
chu,десѧть,,десѧти,Ma-s---pg---i
chu,десѧть,,десѧтиѭ,Ma-s---pi---i
chu,десѧть,,десѧти,Ma-s---pl---i
chu,десѧть,,десѧтии,Ma-p---pg---i
chu,десѧть,,десѧтъ,Ma-p---pg---i
chu,десѧть,,десѧтъма,Ma-d---pi---i
chu,десѧть,,десѧтьѭ,Ma-s---pi---i
chu,десѧть,,десѧть,Ma-s---pn---i
chu,ѥдиначе,,ѥдиначе,Df----------n
chu,ѥдиначе,,единаче,Df----------n
chu,ѥдинъ,,ѥдинъ,Ma-s---mn---i
chu,ѥдинъ,,ѥдинъ,Px-s---mn---i
chu,ѥдинъ,,единѫ,Ma-s---fa---i
chu,ѥдинъ,,единꙑ,Px-p---fn---i
chu,ѥдинъ,,единꙑ,Px-p---pa---i
chu,ѥдинъ,,единѫ,Px-s---fa---i
chu,ѥдинъ,,едина,Ma-s---fn---i
chu,ѥдинъ,,едина,Px-s---fn---i
chu,ѥдинъ,,единааго,Px-s---og---i
chu,ѥдинъ,,едини,Px-p---mn---i
chu,ѥдинъ,,единѣмъ,Ma-s---oi---i
chu,ѥдинъ,,единѣмъ,Px-s---oi---i
chu,ѥдинъ,,единѣмь,Ma-s---oi---i
chu,ѥдинъ,,единѣмь,Px-s---oi---i
chu,ѥдинъ,,единоѩ,Ma-s---fg---i
chu,ѥдинъ,,едино,Ma-s---na---i
chu,ѥдинъ,,едино,Ma-s---nn---i
chu,ѥдинъ,,единоѩ,Px-s---fg---i
chu,ѥдинъ,,едино,Px-s---na---i
chu,ѥдинъ,,едино,Px-s---nn---i
chu,ѥдинъ,,единого,Ma-s---og---i
chu,ѥдинъ,,единого,Px-s---og---i
chu,ѥдинъ,,единои,Ma-s---fd---i
chu,ѥдинъ,,единои,Ma-s---fl---i
chu,ѥдинъ,,единои,Px-s---fd---i
chu,ѥдинъ,,единои,Px-s---fl---i
chu,ѥдинъ,,единомъ,Ma-s---ol---i
chu,ѥдинъ,,единомъ,Px-s---ol---i
chu,ѥдинъ,,единомь,Ma-s---ol---i
chu,ѥдинъ,,единомь,Px-s---ol---i
chu,ѥдинъ,,единоуемоу,Ma-s---od---i
chu,ѥдинъ,,единоуемоу,Px-s---od---i
chu,ѥдинъ,,единъ,Ma-s---ma-a-i
chu,ѥдинъ,,единъ,Ma-s---ma-i-i
chu,ѥдинъ,,единъ,Ma-s---mn---i
chu,ѥдинъ,,единъ,Px-s---ma-a-i
chu,ѥдинъ,,единъ,Px-s---ma-i-i
chu,ѥдинъ,,единъ,Px-s---mn---i
chu,ѥдинъ,,единь,Ma-s---ma-a-i
chu,ѥдинъ,,единь,Ma-s---ma-i-i
chu,ѥдинъ,,единь,Ma-s---mn---i
chu,ѥдинъ,,единь,Px-s---ma-a-i
chu,ѥдинъ,,единь,Px-s---ma-i-i
chu,ѥдинъ,,единь,Px-s---mn---i
chu,добрѣ,,добрѣ,Df-------p--i
chu,добрѣ,,добрѣа,Df-------c--i
chu,добрѣ,,добрѣе,Df-------c--i
chu,добро,,добрѣа,Df-------c--i
chu,добро,,добрѣе,Df-------c--i
chu,добро,,добро,Df-------p--i
chu,довольно,,довольно,Df----------n
chu,до,,до,R-----------n
chu,доидеже,,доидеже,G-----------n
chu,доколѣ,,до колѣ,Df----------n
chu,доколѣ,,доколѣ,Df----------n
chu,доколѣ,,доколѣ,Du----------n
chu,дома,,дома,Df----------n
chu,домови,,домови,Df----------n
chu,доньдеже,,дондеже,G-----------n
chu,доньдеже,,доньдеже,G-----------n
chu,ѭдоуже,,ѭдоуже,Dq----------n
chu,древлѥ,,древлѥ,Df----------n
chu,ѩдро,,ѩдро,Df-------p--i
chu,дроугъ,,дроуга,Pc-s---qg---i
chu,дроугъ,,дроугоу,Pc-s---qd---i
chu,дроугъ,,дроугъ,Pc-s---qn---i
chu,дъва,,два,Ma-d---ma-a-i
chu,дъва,,два,Ma-d---ma-i-i
chu,дъва,,два,Ma-d---mn---i
chu,дъва,,дъвѣ,Ma-d---ra---i
chu,дъва,,дъвѣ,Ma-d---rn---i
chu,ѥдъва,,ѥдъва,Df----------n
chu,дъва,,дъва,Ma-d---mn---i
chu,дъва,,дъвѣма,Ma-d---qd---i
chu,дъва,,дъвѣма,Ma-d---qi---i
chu,дъва,,дъвоѭ,Ma-d---qg---i
chu,дъва,,дъвоѭ,Ma-d---ql---i
chu,дъва,,дъвою,Ma-d---qg---i
chu,дъва,,дъвою,Ma-d---ql---i
chu,дъва,,дьвѣ,Ma-d---ra---i
chu,дъва,,дьвѣ,Ma-d---rn---i
chu,дъва,,дьва,Ma-d---mn---i
chu,дъва,,дьвѣма,Ma-d---qd---i
chu,дъва,,дьвѣма,Ma-d---qd---i
chu,ѥдъва,,едъва,Df----------n
chu,дъвои,,дъвое,Ma-s---na---i
chu,дъвои,,дъвое,Ma-s---nn---i
chu,дъвои,,дъвои,Ma-s---mn---i
chu,дьньсь,,дънесь,Df----------n
chu,дьньсь,,дьнесъ,Df----------n
chu,дьньсь,,дьнесь,Df----------n
chu,дьньсь,,дьньсь,Df----------n
chu,еда,,еда,Du----------n
chu,единъ,,единъи,Mo-p---qa---i
chu,единъ,,единъи,Mo-p---qn---i
chu,единъ,,единъи,Mo-p---qv---i
chu,единъ,,единъьи,Mo-p---qg---i
chu,единъ,,единъьми,Mo-p---qi---i
chu,единъ,,единъьмъ,Mo-p---qd---i
chu,единъ,,единъьхъ,Mo-p---ql---i
chu,еи,,еи,Df----------n
chu,ели,,елѡꙇ,F-----------n
chu,ели,,елѡи,F-----------n
chu,ели,,ели,F-----------n
chu,етеръ,,етеръѣ,Px-p---ql---i
chu,етеръ,,етеръа,Px-p---qg---i
chu,етеръ,,етеръо,Px-p---qa---i
chu,етеръ,,етеръо,Px-p---qn---i
chu,етеръ,,етеръо,Px-p---qv---i
chu,етеръ,,етеръомь,Px-p---qi---i
chu,етеръ,,етеръоу,Px-p---qd---i
chu,еффата,,еффꙿата,F-----------n
chu,еффата,,еффата,F-----------n
chu,ѥже,,еже,G-----------n
chu,же,,же,Df----------n
chu,ѥже,,ѥже,G-----------n
chu,зади,,зади,Df----------n
chu,за,,за,R-----------n
chu,занеже,,занеже,G-----------n
chu,зане,,зане,G-----------n
chu,зълѣ,,зълѣ,Df-------p--i
chu,зълѣ,,зьлѣ,Df-------p--i
chu,ѕѣло,,ѕѣло,Df----------n
chu,и,,ꙇ,C-----------n
chu,и,,Ꙇ,C-----------n
chu,и,,Ꙇ҅,C-----------n
chu,и,,ꙇ҅,C-----------n
chu,и,,ꙇ,Df----------n
chu,и,,Ꙇ,Df----------n
chu,и,,Ꙇ҅,Df----------n
chu,и,,ꙇ҅,Df----------n
chu,и,,ѣ,Pp3d---ma-a-i
chu,и,,ѣ,Pp3d---ma-i-i
chu,и,,ѣ,Pp3p---na---i
chu,и,,ѩ,Pp3p---pa---i
chu,и,,ѭ,Pp3s---fa---i
chu,и,,ѭ҄,Pp3s---fa---i
chu,и,,ѩ,Pp3s---fg---i
chu,ибо,,ꙇбо,Df----------n
chu,ибо,,ибо,Df----------n
chu,идеже,,ꙇдеже,Dq----------n
chu,идеже,,идеже,Dq----------n
chu,идеже,,идеже,G-----------n
chu,иде,,иде,Df----------n
chu,иде,,иде,Dq----------n
chu,иде,,иде,Du----------n
chu,и,,еѩ,Pp3s---fg---i
chu,и,,еѭ,Pp3s---fi---i
chu,и,,е,Pp3s---na---i
chu,и,,его,Pp3s---og---i
chu,и,,еи,Pp3s---fd---i
chu,и,,еи,Pp3s---fl---i
chu,и,,емоу,Pp3s---od---i
chu,и,,емъ,Pp3s---ol---i
chu,и,,емь,Pp3s---ol---i
chu,и,,ею,Pp3d---qg---i
chu,и,,ею,Pp3d---ql---i
chu,иждеже,,иждеже,Dq----------n
chu,иждеже,,иждеже,G-----------n
chu,иже,,егоже,Pr-s---og---i
chu,иже,,еѩже,Pr-s---fg---i
chu,иже,,еѭже,Pr-s---fi---i
chu,иже,,еже,Pr-s---na---i
chu,иже,,еже,Pr-s---nn---i
chu,иже,,еиже,Pr-s---fd---i
chu,иже,,еиже,Pr-s---fl---i
chu,иже,,емоуже,Pr-s---od---i
chu,иже,,ѣже,Pr-d---ma-a-i
chu,иже,,ѣже,Pr-d---ma-i-i
chu,иже,,ѣже,Pr-d---mn---i
chu,иже,,ѩже,Pr-p---fn---i
chu,иже,,ꙇже,Pr-p---mn---i
chu,иже,,ѣже,Pr-p---na---i
chu,иже,,ѣже,Pr-p---nn---i
chu,иже,,ѩже,Pr-p---pa---i
chu,иже,,ѭже,Pr-s---fa---i
chu,иже,,ѣже,Pr-s---fn---i
chu,иже,,ꙇже,Pr-s---ma-a-i
chu,иже,,ꙇже,Pr-s---ma-i-i
chu,иже,,ꙇже,Pr-s---mn---i
chu,иже,,иже,Pr-d---ra---i
chu,иже,,иже,Pr-d---rn---i
chu,иже,,иже,Pr-p---mn---i
chu,иже,,иже,Pr-s---ma-a-i
chu,иже,,иже,Pr-s---ma-i-i
chu,иже,,иже,Pr-s---mn---i
chu,иже,,имже,Pr-p---qd---i
chu,иже,,имъже,Pr-p---qd---i
chu,иже,,имъже,Pr-s---oi---i
chu,иже,,имьже,Pr-p---qd---i
chu,иже,,имьже,Pr-s---oi---i
chu,иже,,ихъже,Pr-p---qg---i
chu,иже,,ихъже,Pr-p---ql---i
chu,иже,,негоже,Pr-s---og---i
chu,иже,,неѩже,Pr-s---fg---i
chu,иже,,неже,Pr-s---na---i
chu,иже,,неиже,Pr-s---fd---i
chu,иже,,неиже,Pr-s---fl---i
chu,иже,,немъже,Pr-s---ol---i
chu,иже,,немьже,Pr-s---ol---i
chu,иже,,нѣже,Pr-d---ma-a-i
chu,иже,,нѣже,Pr-d---ma-i-i
chu,иже,,нѣже,Pr-p---na---i
chu,иже,,нѧже,Pr-p---pa---i
chu,иже,,нѭже,Pr-s---fa---i
chu,иже,,нимъже,Pr-p---qd---i
chu,иже,,нимъже,Pr-s---oi---i
chu,иже,,нихъже,Pr-p---qg---i
chu,иже,,нихъже,Pr-p---ql---i
chu,иже,,ньже,Pr-s---ma-a-i
chu,иже,,ньже,Pr-s---ma-i-i
chu,иже,,нюже,Pr-s---fa---i
chu,издалече,,издалече,Df----------n
chu,из,,и,R-----------n
chu,из,,иж,R-----------n
chu,из,,из,R-----------n
chu,из,,изь,R-----------n
chu,из,,ис,R-----------n
chu,излиха,,излиха,Df----------n
chu,изѫтри,,изѫтри,Df----------n
chu,изѫтри,,из ѫтрь,Df----------n
chu,изѫтрьѭдоу,,ꙇз оутрьѭдѫ,Df----------n
chu,изѫтрьѭдоу,,из ѫтръѫдѫ,Df----------n
chu,изѫтрьѭдоу,,из ѫтрьѫдѫ,Df----------n
chu,изѫтрьѭдоу,,изѫтрьѭдоу,Df----------n
chu,и,,и,C-----------n
chu,и,,и,Df----------n
chu,и,,и,Pp3d---ra---i
chu,и,,и,Pp3s---ma-a-i
chu,и,,и,Pp3s---ma-i-i
chu,и,,и,Pp3s---mn---i
chu,и,,има,Pp3d---qd---i
chu,и,,има,Pp3d---qi---i
chu,и,,ими,Pp3p---qi---i
chu,и,,имъ,Pp3p---qd---i
chu,и,,имъ,Pp3s---oi---i
chu,и,,имь,Pp3p---qd---i
chu,и,,имь,Pp3s---oi---i
chu,и,,ихъ,Pp3p---qg---i
chu,и,,ихъ,Pp3p---ql---i
chu,и,,і,Pp3s---ma-a-i
chu,и,,і,Pp3s---ma-i-i
chu,и,,й,Pp3s---ma-a-i
chu,и,,й,Pp3s---ma-i-i
chu,или,,или,C-----------n
chu,и,,моу,Pp3s---od---i
chu,и,,ꙇмъ,Pp3p---qd---i
chu,и,,нѧ,Pp3p---pa---i
chu,и,,нѭ,Pp3s---fa---i
chu,и,,нѫѭ,Pp3s---fa---i
chu,инѫдоу,,инѫдоу,Df----------n
chu,и,,неѭ,Pp3d---qg---i
chu,и,,неѭ,Pp3d---ql---i
chu,и,,неѩ,Pp3s---fg---i
chu,и,,неѭ,Pp3s---fi---i
chu,и,,не,Pp3s---na---i
chu,и,,него,Pp3s---og---i
chu,и,,неи,Pp3s---fd---i
chu,и,,неи,Pp3s---fl---i
chu,и,,немѫ,Pp3s---od---i
chu,и,,немоу,Pp3s---od---i
chu,и,,немъ,Pp3s---ol---i
chu,и,,немь,Pp3s---ol---i
chu,и,,нею,Pp3d---qg---i
chu,и,,нею,Pp3d---ql---i
chu,и,,нима,Pp3d---qd---i
chu,и,,нима,Pp3d---qi---i
chu,и,,ними,Pp3p---qi---i
chu,и,,нимъ,Pp3p---qd---i
chu,и,,нимъ,Pp3s---oi---i
chu,и,,нимь,Pp3p---qd---i
chu,и,,нимь,Pp3s---oi---i
chu,и,,нихъ,Pp3p---qg---i
chu,и,,нихъ,Pp3p---ql---i
chu,иногда,,иногда,Df----------n
chu,и,,нъ,Pp3s---ma-a-i
chu,и,,нъ,Pp3s---ma-i-i
chu,и,,нь,Pp3s---ma-a-i
chu,и,,нь,Pp3s---ma-i-i
chu,искони,,искони,Df----------n
chu,искрь,,искрь,R-----------n
chu,испрьва,,испръва,Df----------n
chu,испрьва,,испрьва,Df----------n
chu,каковъ,,каковъѣ,Pi-p---ql---i
chu,каковъ,,каковъа,Pi-p---qg---i
chu,каковъ,,каковъо,Pi-p---qa---i
chu,каковъ,,каковъо,Pi-p---qn---i
chu,каковъ,,каковъо,Pi-p---qv---i
chu,каковъ,,каковъомь,Pi-p---qi---i
chu,каковъ,,каковъоу,Pi-p---qd---i
chu,како,,како,Dq----------n
chu,како,,како,Du----------n
chu,какъ,,какъѣ,Pi-p---ql---i
chu,какъ,,какъа,Pi-p---qg---i
chu,какъ,,какъо,Pi-p---qa---i
chu,какъ,,какъо,Pi-p---qn---i
chu,какъ,,какъо,Pi-p---qv---i
chu,какъ,,какъомь,Pi-p---qi---i
chu,какъ,,какъоу,Pi-p---qd---i
chu,камо,,камо,Du----------n
chu,кꙑи,,кꙑѩ,Pi-p---fn---i
chu,кꙑи,,кꙑѩ,Pi-p---pa---i
chu,кꙑи,,кѫѭ,Pi-s---fa---i
chu,кꙑи,,кꙑ,Pi-s---mn---i
chu,кꙑи,,каѣ,Pi-s---fn---i
chu,кꙑи,,каа,Pi-s---fn---i
chu,кꙑи,,кꙑи,Pi-s---ma-a-i
chu,кꙑи,,кꙑи,Pi-s---ma-i-i
chu,кꙑи,,кꙑи,Pi-s---mn---i
chu,кꙑи,,коѭ,Pi-s---fi---i
chu,кꙑи,,коеѭ,Pi-s---fi---i
chu,кꙑи,,коеѭ҄,Pi-s---fi---i
chu,кꙑи,,кое,Pi-s---na---i
chu,кꙑи,,кое,Pi-s---nn---i
chu,кꙑи,,коеи,Pi-s---fd---i
chu,кꙑи,,коеи,Pi-s---fl---i
chu,кꙑи,,кꙑхъ,Pi-p---qg---i
chu,кꙑи,,кꙑхъ,Pi-p---ql---i
chu,к҃,,к҃,Ma-s---mn---i
chu,когда,,когда,Du----------n
chu,когда,,когда,G-----------n
chu,ꙗкоже,,ꙗкоже,Dq----------n
chu,ꙗкоже,,ѣкоже,Dq----------n
chu,ꙗкоже,,ꙗкоже,G-----------n
chu,ꙗкоже,,ѣкоже,G-----------n
chu,ꙗко,,ꙗко,Df----------n
chu,ꙗко,,ѣко,Df----------n
chu,ꙗко,,ꙗко,Dq----------n
chu,ꙗко,,ѣко,Dq----------n
chu,ѣко,,ѣко,Du----------n
chu,ꙗко,,ꙗко,G-----------n
chu,ꙗко,,ѣко,G-----------n
chu,колижьдо,,колижъдо,Df----------n
chu,колижьдо,,колижьдо,Df----------n
chu,колико,,колико,Du----------n
chu,колико,,колико,Pi----------n
chu,коли,,коли,Du----------n
chu,коли,,коли,G-----------n
chu,коль,,коль,Df----------n
chu,коль,,коль,Du----------n
chu,кольми,,кольми,Df----------n
chu,кольми,,кольми,Du----------n
chu,корван,,корван,Nb----------n
chu,которꙑи,,котерааго,Pi-s---og---i
chu,которꙑи,,котерааго,Px-s---og---i
chu,которꙑи,,которꙑ,Pi-s---mn---i
chu,которꙑи,,которꙑ,Px-s---mn---i
chu,которꙑи,,которааго,Pi-s---og---i
chu,которꙑи,,которааго,Px-s---og---i
chu,которꙑи,,котораго,Pi-s---og---i
chu,которꙑи,,котораго,Px-s---og---i
chu,которꙑи,,которꙑи,Pi-s---mn---i
chu,которꙑи,,которꙑи,Px-s---mn---i
chu,которꙑи,,котороумоу,Pi-s---od---i
chu,которꙑи,,котороумоу,Px-s---od---i
chu,коупьно,,коупъно,Df----------n
chu,коупьно,,коупьно,Df----------n
chu,кромѣ,,кромѣ,Df----------n
chu,кромѣ,,кромѣ,R-----------n
chu,къде,,къде,Df----------n
chu,къде,,къде,Dq----------n
chu,къде,,къде,Du----------n
chu,къде,,кьде,Df----------n
chu,къде,,кьде,Dq----------n
chu,къде,,кьде,Du----------n
chu,ꙗкъже,,ѣкаже,Pr-s---fn---i
chu,ꙗкъже,,ꙗкъже,Pr-s---mn---i
chu,къжьдо,,когожъдо,Px-s---og---i
chu,къжьдо,,кожъдо,Px-s---na---i
chu,къжьдо,,кожъдо,Px-s---nn---i
chu,къжьдо,,комоужъдо,Px-s---od---i
chu,къжьдо,,комоужьдо,Px-s---od---i
chu,къжьдо,,къжъдо,Px-s---ma-a-i
chu,къжьдо,,къжъдо,Px-s---ma-i-i
chu,къжьдо,,къжъдо,Px-s---mn---i
chu,къжьдо,,къжьдо,Px-s---ma-a-i
chu,къжьдо,,къжьдо,Px-s---ma-i-i
chu,къжьдо,,къжьдо,Px-s---mn---i
chu,къжьдо,,кьжъдо,Px-s---ma-a-i
chu,къжьдо,,кьжъдо,Px-s---ma-i-i
chu,къжьдо,,кьжъдо,Px-s---mn---i
chu,къ,,к,R-----------n
chu,къ,,ко,R-----------n
chu,ꙗкъ,,ꙗкъ,Pr-s---mn---i
chu,къ,,къ,R-----------n
chu,къ,,кь,R-----------n
chu,къто,,кого,Pi-s---qg---i
chu,къто,,кого,Px-s---qg---i
chu,къто,,комоу,Pi-s---qd---i
chu,къто,,комоу,Px-s---qd---i
chu,къто,,комь,Pi-s---ql---i
chu,къто,,комь,Px-s---ql---i
chu,къто,,кто,Pi-s---qn---i
chu,къто,,кто,Px-s---qn---i
chu,къто,,къто,Pi-s---qn---i
chu,къто,,къто,Px-s---qn---i
chu,ꙗкъ,,ѣцѣмъ,Pr-s---oi---i
chu,ꙗкъ,,ѣцѣхъ,Pr-s---qg---i
chu,ѥлѣ,,елѣ,Df----------n
chu,лема,,лема,F-----------n
chu,лема,,лима,F-----------n
chu,ѥлико,,елико,Dq----------n
chu,ѥлико,,елико,Du----------n
chu,ѥлико,,елико,Pr----------n
chu,ѥликоже,,еликоже,G-----------n
chu,ѥликоже,,еликоже,Pr----------n
chu,ѥликоже,,ѥликоже,G-----------n
chu,ѥликоже,,ѥликоже,Pr----------n
chu,ѥлико,,ѥлико,Dq----------n
chu,ѥлико,,ѥлико,Du----------n
chu,ѥлико,,ѥлико,Pr----------n
chu,ли,,ли,C-----------n
chu,ли,,ли,Du----------n
chu,лихо,,лихо,Df-------p--i
chu,лихо,,лише,Df-------c--i
chu,ѥлѣ,,ѥлѣ,Df----------n
chu,любо,,любо,C-----------n
chu,лютѣ,,лютѣ,Df-------p--i
chu,мало,,мало,Df-------p--i
chu,мало,,мьне,Df-------c--i
chu,мѫдрѣ,,мѫдрѣ,Df-------p--i
chu,междоу,,междоу,R-----------n
chu,междоу,,междю,R-----------n
chu,мимо,,мимо,Df----------n
chu,мимо,,мимо,R-----------n
chu,м҃,,м҃,Ma-s---mn---i
chu,мꙑ,,мꙑ,Pp1p---qn---i
chu,мꙑ,,нꙑ,Pp1p---qa---i
chu,мꙑ,,нами,Pp1p---qi---i
chu,мꙑ,,намъ,Pp1p---qd---i
chu,мꙑ,,намь,Pp1p---qd---i
chu,мꙑ,,насъ,Pp1p---qa---i
chu,мꙑ,,насъ,Pp1p---qg---i
chu,мꙑ,,насъ,Pp1p---ql---i
chu,ꙗможе,,ꙗможе,Df----------n
chu,ꙗможе,,ѣможе,Df----------n
chu,ꙗможе,,ꙗможе,Dq----------n
chu,ꙗможе,,ѣможе,Dq----------n
chu,мои,,моѣ,Ps1d---ma-a-i
chu,мои,,моѣ,Ps1d---ma-i-i
chu,мои,,моѣ,Ps1d---mn---i
chu,мои,,моѩ,Ps1p---fn---i
chu,мои,,моѣ,Ps1p---nn---i
chu,мои,,моѩ,Ps1p---pa---i
chu,мои,,моѭ,Ps1s---fa---i
chu,мои,,моѣ,Ps1s---fn---i
chu,мои,,моеѩ,Ps1s---fg---i
chu,мои,,моеѭ,Ps1s---fi---i
chu,мои,,мое,Ps1s---na---i
chu,мои,,мое,Ps1s---nn---i
chu,мои,,моего,Ps1s---og---i
chu,мои,,моеи,Ps1s---fd---i
chu,мои,,моеи,Ps1s---fl---i
chu,мои,,моемоу,Ps1s---od---i
chu,мои,,моемъ,Ps1s---ol---i
chu,мои,,моемь,Ps1s---ol---i
chu,мои,,моею,Ps1d---qg---i
chu,мои,,моею,Ps1d---ql---i
chu,мои,,мои,Ps1d---ra---i
chu,мои,,мои,Ps1d---rn---i
chu,мои,,мои,Ps1p---mn---i
chu,мои,,мои,Ps1s---ma-a-i
chu,мои,,мои,Ps1s---ma-i-i
chu,мои,,мои,Ps1s---mn---i
chu,мои,,мои,Ps1s---mv---i
chu,мои,,моими,Ps1p---qi---i
chu,мои,,моимъ,Ps1p---qd---i
chu,мои,,моимъ,Ps1s---oi---i
chu,мои,,моимь,Ps1s---oi---i
chu,мои,,моихъ,Ps1p---qg---i
chu,мои,,моихъ,Ps1s---ql---i
chu,мъного,,много,Df-------p--i
chu,мъного,,мъного,Df-------p--i
chu,мъножицеѭ,,мъножицеѭ,Df----------n
chu,надъ,,надъ,R-----------n
chu,надъ,,надь,R-----------n
chu,на,,на,R-----------n
chu,нашь,,нашѧ,Ps1p---fn---i
chu,нашь,,нашѧ,Ps1p---pa---i
chu,нашь,,наше,Ps1s---na---i
chu,нашь,,наше,Ps1s---nn---i
chu,нашь,,нашего,Ps1s---og---i
chu,нашь,,нашемоу,Ps1s---od---i
chu,нашь,,нашею,Ps1d---qg---i
chu,нашь,,нашею,Ps1d---ql---i
chu,нашь,,наши,Ps1p---mn---i
chu,нашь,,нашими,Ps1p---qi---i
chu,нашь,,нашимъ,Ps1p---qd---i
chu,нашь,,нашихъ,Ps1p---qg---i
chu,нашь,,нашихъ,Ps1p---ql---i
chu,нашь,,нашъ,Ps1s---ma-a-i
chu,нашь,,нашъ,Ps1s---ma-i-i
chu,нашь,,нашъ,Ps1s---mn---i
chu,нашь,,нашь,Ps1s---mn---i
chu,негъли,,негъли,Df----------n
chu,недалече,,недалече,Df----------n
chu,неже,,неже,Df----------n
chu,не,,нѣ,Df----------n
chu,не,,не,Df----------n
chu,низоу,,низоу,Df----------n
chu,низъ,,ниже,Df-------c--i
chu,низъ,,низъ,Df-------p--i
chu,никакоже,,никакоже,Df----------n
chu,никꙑиже,,никꙑ же,Px-s---mn---i
chu,никꙑиже,,никꙑиже,Px-s---ma-a-i
chu,никꙑиже,,никꙑиже,Px-s---ma-i-i
chu,никꙑиже,,никꙑи же,Px-s---mn---i
chu,никꙑиже,,никꙑиже,Px-s---mn---i
chu,никꙑиже,,никоеѧже,Px-s---fg---i
chu,никꙑиже,,никоеѩже,Px-s---fg---i
chu,никꙑиже,,никоѩже,Px-s---fg---i
chu,никогдаже,,никогдаже,Df----------n
chu,николиже,,николиже,Df----------n
chu,никоторꙑи,,никотерꙑи,Px-s---mn---i
chu,никоторꙑи,,никоторꙑ,Px-s---mn---i
chu,никоторꙑи,,никоторꙑи,Px-s---mn---i
chu,никъдеже,,никъдеже,Df----------n
chu,никътоже,,комьже,Px-s---ql---i
chu,никътоже,,никогоже,Px-s---qg---i
chu,никътоже,,никомоуже,Px-s---qd---i
chu,никътоже,,никтоже,Px-s---qn---i
chu,никътоже,,никътоже,Px-s---qn---i
chu,ни,,ни,C-----------n
chu,ни,,ни,Df----------n
chu,ничьтоже,,ничесо же,Px-s---ng---i
chu,ничьтоже,,ничесоже,Px-s---ng---i
chu,ничьтоже,,ничимъже,Px-s---ni---i
chu,ничьтоже,,ничтоже,Px-s---na---i
chu,ничьтоже,,ничтоже,Px-s---nn---i
chu,ничьтоже,,ничъсоже,Px-s---ng---i
chu,ничьтоже,,ничътоже,Px-s---na---i
chu,ничьтоже,,ничътоже,Px-s---nn---i
chu,ничьтоже,,ничьсоже,Px-s---ng---i
chu,ничьтоже,,ничьтоже,Px-s---na---i
chu,ничьтоже,,ничьтоже,Px-s---nn---i
chu,нѣкогда,,нѣкогда,Df----------n
chu,нѣкогда,,нѣкъгда,Df----------n
chu,нѣкъто,,нѣкъто,Px-s---qn---i
chu,нѣкъто,,нѣкъто,Px-s---qn---i
chu,нѣкъто,,нѣчесо,Px-s---qg---i
chu,нꙑнѣ,,нꙑнѣ,Df----------n
chu,нтафати,,нтафати,F-----------n
chu,нѣчъто,,нѣчъто,Px-s---na---i
chu,нѣчъто,,нѣчъто,Px-s---nn---i
chu,нъ,,нꙑ,C-----------n
chu,нъ,,нъ,C-----------n
chu,нъ,,нь,C-----------n
chu,оба,,обѣ,Ma-d---ra---i
chu,оба,,обѣ,Ma-d---rn---i
chu,оба,,оба,Ma-d---ma-a-i
chu,оба,,оба,Ma-d---ma-i-i
chu,оба,,оба,Ma-d---mn---i
chu,оба,,обѣма,Ma-d---qd---i
chu,оба,,обѣма,Ma-d---qi---i
chu,оба,,обоѭ,Ma-d---qg---i
chu,оба,,обоѭ,Ma-d---ql---i
chu,оба,,обою,Ma-d---qg---i
chu,оба,,обою,Ma-d---ql---i
chu,обаче,,обаче,Df----------n
chu,овѫдоу,,овѫдоу,Df----------n
chu,овъде,,овъде,Df----------n
chu,овъде,,овьде,Df----------n
chu,овъ,,овъѣ,Pd-p---ql---i
chu,овъ,,овъа,Pd-p---qg---i
chu,овъ,,овъо,Pd-p---qa---i
chu,овъ,,овъо,Pd-p---qn---i
chu,овъ,,овъо,Pd-p---qv---i
chu,овъ,,овъомь,Pd-p---qi---i
chu,овъ,,овъоу,Pd-p---qd---i
chu,окрьстъ,,окръсть,Df----------n
chu,окрьстъ,,окръсть,R-----------n
chu,окрьстъ,,окрьстъ,Df----------n
chu,окрьстъ,,окрьстъ,R-----------n
chu,окрьстъ,,окрьсть,Df----------n
chu,онъ,,ѡнъѣ,Pd-p---ql---i
chu,онъ,,ѡнъа,Pd-p---qg---i
chu,онъ,,ѡнъо,Pd-p---qa---i
chu,онъ,,ѡнъо,Pd-p---qn---i
chu,онъ,,ѡнъо,Pd-p---qv---i
chu,онъ,,ѡнъомь,Pd-p---qi---i
chu,онъ,,ѡнъоу,Pd-p---qd---i
chu,онъ,,онъѣ,Pd-p---ql---i
chu,онъ,,онъа,Pd-p---qg---i
chu,онъ,,онъо,Pd-p---qa---i
chu,онъ,,онъо,Pd-p---qn---i
chu,онъ,,онъо,Pd-p---qv---i
chu,онъ,,онъомь,Pd-p---qi---i
chu,онъ,,онъоу,Pd-p---qd---i
chu,о,,о,R-----------n
chu,о,,об,R-----------n
chu,осана,,осана,I-----------n
chu,осана,,ѡсанꙿна,I-----------n
chu,осана,,ѡсанна,I-----------n
chu,осана,,ѵсанна,I-----------n
chu,осана,,Ѡ҅санънна,I-----------n
chu,осана,,ѡсанънна,I-----------n
chu,осмъ,,осмъи,Mo-p---qa---i
chu,осмъ,,осмъи,Mo-p---qn---i
chu,осмъ,,осмъи,Mo-p---qv---i
chu,осмъ,,осмъьи,Mo-p---qg---i
chu,осмъ,,осмъьми,Mo-p---qi---i
chu,осмъ,,осмъьмъ,Mo-p---qd---i
chu,осмъ,,осмъьхъ,Mo-p---ql---i
chu,осмь,,осми,Ma-s---fd---i
chu,осмь,,осми,Ma-s---fg---i
chu,осмь,,осми,Ma-s---fl---i
chu,осмь,,осмь,Ma-s---fa---i
chu,осмь,,осмь,Ma-s---fn---i
chu,отъкѫдѣ,,отъ кѫдѣ,Df----------n
chu,отъкѫдѣ,,отъкѫдѣ,Df----------n
chu,отъкѫдоу,,отъ кѫдѫ,Df----------n
chu,отъкѫдоу,,отъ кѫдоу,Df----------n
chu,отъкѫдоу,,отъкѫдоу,Df----------n
chu,отъкѫдоу,,отъ коудѫ,Df----------n
chu,отънѫдоуже,,отъ нѭдѫже,Df----------n
chu,отънѫдоуже,,отъ нѭдоуже,Df----------n
chu,отънѫдоуже,,отънѫдоуже,Df----------n
chu,отънѫдь,,отънѫдъ,Df----------n
chu,отънѫдь,,отънѫдь,Df----------n
chu,отънѥлиже,,одънелиже,Df----------n
chu,отънѥлиже,,одънелиже,Dq----------n
chu,отънѥлиже,,отънелиже,Df----------n
chu,отънѥлиже,,отънелиже,Dq----------n
chu,отънѥлиже,,отънѥлиже,Df----------n
chu,отънѥлиже,,отънѥлиже,Dq----------n
chu,отънѥли,,отънели,Df----------n
chu,отънѥли,,отънѥли,Df----------n
chu,отъ,,о҃,R-----------n
chu,отъ,,от,R-----------n
chu,отъ,,о҃тъ,R-----------n
chu,отъ,,отъ,R-----------n
chu,отърадьнѣѥ,,отърадьнѣѥ,Df-------c--i
chu,отърадьнѣѥ,,отърадьнѣе,Df-------c--i
chu,отъсѫдѣ,,отъ сѫдѣ,Df----------n
chu,отъсѫдѣ,,отъсѫдѣ,Df----------n
chu,отътѫдѣ,,отъ тѫдѣ,Df----------n
chu,отътѫдѣ,,отътѫдѣ,Df----------n
chu,отътѫдѣ,,отъ тоудѣ,Df----------n
chu,отътѫдоу,,отъ тѫдѫ,Df----------n
chu,отътѫдоу,,отъ тѫдоу,Df----------n
chu,отътѫдоу,,отътѫдоу,Df----------n
chu,отътѫдоу,,отъ тоудѫ,Df----------n
chu,отътѫдоу,,отъ тоудоу,Df----------n
chu,отътоли,,отъ толи,Df----------n
chu,отътоли,,отътоли,Df----------n
chu,отътолѣ,,отъ толѣ,Df----------n
chu,отътолѣ,,отътолѣ,Df----------n
chu,оубо,,оубо,Df----------n
chu,оубо,,оубоу,Df----------n
chu,оува,,оува,I-----------n
chu,оудобь,,оудобѣе,Df-------c--i
chu,оудобь,,оудобь,Df-------p--i
chu,оуже,,оуже,Df----------n
chu,оуже,,юже,Df----------n
chu,оу,,оу,Df----------n
chu,оу,,оу,R-----------n
chu,оутро,,оутро,Df----------n
chu,оутрѣ,,оутрѣ,Df----------n
chu,оутро,,ютро,Df----------n
chu,оутрѣ,,ютрѣ,Df----------n
chu,оу,,ю,Df----------n
chu,пакꙑ,,пакꙑ,Df----------n
chu,паче,,паче,Df-------c--i
chu,подъ,,подъ,R-----------n
chu,поздѣ,,поздѣ,Df-------c--i
chu,понеже,,понеже,G-----------n
chu,понѣ,,понѣ,Df----------n
chu,по,,по,R-----------n
chu,послѣдь,,послѣди,Df----------n
chu,послѣдь,,послѣдь,Df----------n
chu,послѣдь,,послѣдь,R-----------n
chu,послѣжде,,послѣжде,Df----------n
chu,п҃,,п҃,Ma-s---mn---i
chu,право,,право,Df-------p--i
chu,правѣ,,правѣ,Df-------p--i
chu,прѣди,,прѣди,Df----------n
chu,прѣдъ,,прѣдъ,R-----------n
chu,прѣдъ,,прдъ,R-----------n
chu,прѣдъ,,прѣдь,R-----------n
chu,прѣжде,,прѣжде,Df----------n
chu,прѣжде,,прѣжде,R-----------n
chu,прѣизлиха,,прѣизлиха,Df----------n
chu,прилежьно,,прилежъно,Df-------p--i
chu,прилежьно,,прилежьнѣе,Df-------c--i
chu,прилежьно,,прилежьно,Df-------p--i
chu,при,,при,R-----------n
chu,присно,,присно,Df-------p--i
chu,прѣмо,,прѣмо,R-----------n
chu,противѫ,,противѫ,Df----------n
chu,противѫ,,противѫ,R-----------n
chu,противѫ,,противоу,Df----------n
chu,противѫ,,противоу,R-----------n
chu,прочеѥ,,прочеѥ,Df----------n
chu,прочеѥ,,прочее,Df----------n
chu,пръвъ,,пръвъи,Mo-p---qa---i
chu,пръвъ,,пръвъи,Mo-p---qn---i
chu,пръвъ,,пръвъи,Mo-p---qv---i
chu,пръвъ,,пръвъьи,Mo-p---qg---i
chu,пръвъ,,пръвъьми,Mo-p---qi---i
chu,пръвъ,,пръвъьмъ,Mo-p---qd---i
chu,пръвъ,,пръвъьхъ,Mo-p---ql---i
chu,прьвѣе,,пръвѣе,R-----------n
chu,прьвѣе,,прьвѣе,R-----------n
chu,прьвѣѥ,,пръвѣе,Df----------n
chu,прьвѣѥ,,прьвѣѥ,Df----------n
chu,пѧтъ,,пѧтъи,Mo-p---qa---i
chu,пѧтъ,,пѧтъи,Mo-p---qn---i
chu,пѧтъ,,пѧтъи,Mo-p---qv---i
chu,пѧтъ,,пѧтъьи,Mo-p---qg---i
chu,пѧтъ,,пѧтъьми,Mo-p---qi---i
chu,пѧтъ,,пѧтъьмъ,Mo-p---qd---i
chu,пѧтъ,,пѧтъьхъ,Mo-p---ql---i
chu,пѧть,,д҃,Ma-s---fn---i
chu,пѧть,,пѧти,Ma-s---fd---i
chu,пѧть,,пѧти,Ma-s---fg---i
chu,пѧть,,пѧтиѭ,Ma-s---fi---i
chu,пѧть,,пѧти,Ma-s---fl---i
chu,пѧть,,пѧть,Ma-s---fa---i
chu,пѧть,,пѧтьѭ,Ma-s---fi---i
chu,пѧть,,пѧть,Ma-s---fn---i
chu,равьно,,равъно,Df-------p--i
chu,равьно,,равьно,Df-------p--i
chu,ради,,ради,R-----------n
chu,развѣ,,развѣ,Df----------n
chu,развѣ,,развѣ,R-----------n
chu,рано,,рано,Df-------p--i
chu,савахтани,,савахтани,F-----------n
chu,самъ,,самъѣ,Pd-p---ql---i
chu,самъ,,самъа,Pd-p---qg---i
chu,самъ,,самъо,Pd-p---qa---i
chu,самъ,,самъо,Pd-p---qn---i
chu,самъ,,самъо,Pd-p---qv---i
chu,самъ,,самъомь,Pd-p---qi---i
chu,самъ,,самъоу,Pd-p---qd---i
chu,самъ,,самьѣ,Pd-p---ql---i
chu,самъ,,самьа,Pd-p---qg---i
chu,самъ,,самьо,Pd-p---qa---i
chu,самъ,,самьо,Pd-p---qn---i
chu,самъ,,самьо,Pd-p---qv---i
chu,самъ,,самьомь,Pd-p---qi---i
chu,самъ,,самьоу,Pd-p---qd---i
chu,свои,,своѣ,Pt3d---ma-a-i
chu,свои,,своѣ,Pt3d---ma-i-i
chu,свои,,своѣ,Pt3d---mn---i
chu,свои,,своѩ,Pt3p---fn---i
chu,свои,,своѣ,Pt3p---na---i
chu,свои,,своѣ,Pt3p---nn---i
chu,свои,,своѩ,Pt3p---pa---i
chu,свои,,своѭ,Pt3s---fa---i
chu,свои,,своѣ,Pt3s---fn---i
chu,свои,,своеѩ,Pt3s---fg---i
chu,свои,,своеѩ҅,Pt3s---fg---i
chu,свои,,своеѭ,Pt3s---fi---i
chu,свои,,своеѭ҄,Pt3s---fi---i
chu,свои,,свое,Pt3s---na---i
chu,свои,,свое,Pt3s---nn---i
chu,свои,,своего,Pt3s---og---i
chu,свои,,своеи,Pt3s---fd---i
chu,свои,,своеи,Pt3s---fl---i
chu,свои,,своемоу,Pt3s---od---i
chu,свои,,своемъ,Pt3s---ol---i
chu,свои,,своемь,Pt3s---ol---i
chu,свои,,своею,Pt3d---qg---i
chu,свои,,своею,Pt3d---ql---i
chu,свои,,свои,Pt3d---ra---i
chu,свои,,свои,Pt3d---rn---i
chu,свои,,свои,Pt3p---mn---i
chu,свои,,свои,Pt3s---ma-a-i
chu,свои,,свои,Pt3s---ma-i-i
chu,свои,,свои,Pt3s---mn---i
chu,свои,,своима,Pt3d---qd---i
chu,свои,,своима,Pt3d---qi---i
chu,свои,,своими,Pt3p---qi---i
chu,свои,,своимъ,Pt3p---qd---i
chu,свои,,своимъ,Pt3s---oi---i
chu,свои,,своимь,Pt3s---oi---i
chu,свои,,своихъ,Pt3p---qg---i
chu,свои,,своихъ,Pt3p---ql---i
chu,свѣтьло,,свѣтъло,Df-------p--i
chu,свѣтьло,,свѣтьло,Df-------p--i
chu,сѫдоу,,сѫдѫ,Df----------n
chu,сѫдоу,,сѫдоу,Df----------n
chu,себе,,сѧ,Pk3s---qa---i
chu,себе,,сѩ,Pk3s---qa---i
chu,себе,,се,Pk3s---qa---i
chu,себе,,себѣ,Pk3s---qd---i
chu,себе,,себѣ,Pk3s---ql---i
chu,себе,,себе,Pk3s---qa---i
chu,себе,,себе,Pk3s---qg---i
chu,себе,,си,Pk3s---qd---i
chu,себе,,собоѭ,Pk3s---qi---i
chu,седмицеѭ,,седмицеѭ,Df----------n
chu,седморицеѭ,,седморицеѭ,Df----------n
chu,седмъ,,седмъи,Mo-p---qa---i
chu,седмъ,,седмъи,Mo-p---qn---i
chu,седмъ,,седмъи,Mo-p---qv---i
chu,седмъ,,седмъьи,Mo-p---qg---i
chu,седмъ,,седмъьми,Mo-p---qi---i
chu,седмъ,,седмъьмъ,Mo-p---qd---i
chu,седмъ,,седмъьхъ,Mo-p---ql---i
chu,седмь,,ж҃,Ma-s---fn---i
chu,седмь,,седми,Ma-s---fd---i
chu,седмь,,седми,Ma-s---fg---i
chu,седмь,,седми,Ma-s---fl---i
chu,седмь,,седмь,Ma-s---fa---i
chu,седмь,,седмь,Ma-s---fn---i
chu,се,,се,Df----------n
chu,се,,се,I-----------n
chu,сице,,сице,Df----------n
chu,сквозѣ,,сквозѣ,R-----------n
chu,сквозѣ,,скозѣ,R-----------n
chu,скоро,,скорѣе,Df-------c--i
chu,скоро,,скоро,Df-------p--i
chu,сѣмо,,сѣмо,Df----------n
chu,соулѣе,,соулѣе,Df-------c--i
chu,соухо,,соухо,Df-------p--i
chu,спꙑти,,спꙑти,Df----------n
chu,съмꙑсльно,,съмꙑслъно,Df-------p--i
chu,съмꙑсльно,,съмꙑсльно,Df-------p--i
chu,съ,,с,R-----------n
chu,съ,,съ,R-----------n
chu,съ,,сь,R-----------n
chu,сътократицеѭ,,сътократицеѭ,Df----------n
chu,съто,,р҃,Ma-s---nn---i
chu,съторицеѭ,,съторицеѭ,Df----------n
chu,съто,,сотъ,Ma-p---ng---i
chu,съто,,сътѣ,Ma-d---na---i
chu,съто,,сътѣ,Ma-d---nn---i
chu,съто,,сътѣ,Ma-s---nl---i
chu,съто,,съто,Ma-s---na---i
chu,съто,,съто,Ma-s---nn---i
chu,съто,,сътома,Ma-d---nd---i
chu,съто,,сътома,Ma-d---ni---i
chu,съто,,сътомъ,Ma-p---nd---i
chu,съто,,сътомъ,Ma-s---ni---i
chu,съто,,сътомь,Ma-s---ni---i
chu,съто,,сътоу,Ma-d---ng---i
chu,съто,,сътоу,Ma-d---nl---i
chu,съто,,сътоу,Ma-s---nd---i
chu,съхраньно,,съхраньно,Df-------p--i
chu,сьде,,съде,Df----------n
chu,сьде,,сьде,Df----------n
chu,сь,,сеѩ,Pd-s---fg---i
chu,сь,,сеѭ,Pd-s---fi---i
chu,сь,,се,Pd-s---na---i
chu,сь,,се,Pd-s---nn---i
chu,сь,,сега,Pd-s---og---i
chu,сь,,сего,Pd-s---og---i
chu,сь,,сеи,Pd-s---fd---i
chu,сь,,сеи,Pd-s---fl---i
chu,сь,,семоу,Pd-s---od---i
chu,сь,,семъ,Pd-s---ol---i
chu,сь,,семь,Pd-s---ol---i
chu,сь,,сею,Pd-d---qg---i
chu,сь,,сею,Pd-d---ql---i
chu,сь,,си,Pd-d---ra---i
chu,сь,,си,Pd-d---rn---i
chu,сь,,сиѩ,Pd-p---fn---i
chu,сь,,си,Pd-p---na---i
chu,сь,,си,Pd-p---nn---i
chu,сь,,сиѩ,Pd-p---pa---i
chu,сь,,сиѭ,Pd-s---fa---i
chu,сь,,си,Pd-s---fn---i
chu,сь,,сии,Pd-p---mn---i
chu,сь,,сими,Pd-p---qi---i
chu,сь,,симъ,Pd-p---qd---i
chu,сь,,симъ,Pd-s---oi---i
chu,сь,,симь,Pd-s---oi---i
chu,сь,,сих,Pd-p---ql---i
chu,сь,,сихъ,Pd-p---qg---i
chu,сь,,сихъ,Pd-p---ql---i
chu,сь,,съ,Pd-s---ma-a-i
chu,сь,,съ,Pd-s---ma-i-i
chu,сь,,съ,Pd-s---mn---i
chu,сь,,сьѣ,Pd-d---ma-a-i
chu,сь,,сьѣ,Pd-d---ma-i-i
chu,сь,,сьѣ,Pd-d---mn---i
chu,сь,,сьѩ,Pd-p---fn---i
chu,сь,,сьѩ,Pd-p---pa---i
chu,сь,,сьѭ,Pd-s---fa---i
chu,сь,,сь,Pd-s---ma-a-i
chu,сь,,сь,Pd-s---ma-i-i
chu,сь,,сь,Pd-s---mn---i
chu,таи,,таи,Df----------n
chu,такожде,,такожде,Df----------n
chu,тако,,тако,Df----------n
chu,талиѳакоумъ,,талиѳакоумъ,F-----------n
chu,талиѳакоумъ,,талитакоумъ,F-----------n
chu,тамо,,тамо,Df----------n
chu,твои,,твоѣ,Ps2d---ma-a-i
chu,твои,,твоѣ,Ps2d---ma-i-i
chu,твои,,твоѣ,Ps2d---mn---i
chu,твои,,твоѩ,Ps2p---fa---i
chu,твои,,твоѣ,Ps2p---na---i
chu,твои,,твоѣ,Ps2p---nn---i
chu,твои,,твоѩ,Ps2p---pa---i
chu,твои,,твоѭ,Ps2s---fa---i
chu,твои,,твоѣ,Ps2s---fn---i
chu,твои,,твоеѩ,Ps2s---fg---i
chu,твои,,твоеѩ҅,Ps2s---fg---i
chu,твои,,твоеѭ,Ps2s---fi---i
chu,твои,,твое,Ps2s---na---i
chu,твои,,твое,Ps2s---nn---i
chu,твои,,твоего,Ps2s---og---i
chu,твои,,твоеи,Ps2s---fl---i
chu,твои,,твоемоу,Ps2s---od---i
chu,твои,,твоемъ,Ps2s---ol---i
chu,твои,,твоемь,Ps2s---ol---i
chu,твои,,твоею,Ps2d---qg---i
chu,твои,,твои,Ps2d---ra---i
chu,твои,,твои,Ps2d---rn---i
chu,твои,,твои,Ps2p---mn---i
chu,твои,,твои,Ps2s---ma-a-i
chu,твои,,твои,Ps2s---ma-i-i
chu,твои,,твои,Ps2s---mn---i
chu,твои,,твоима,Ps2s---qd---i
chu,твои,,твоима,Ps2s---qi---i
chu,твои,,твоимъ,Ps2p---qd---i
chu,твои,,твоимъ,Ps2s---oi---i
chu,твои,,твоимь,Ps2p---qd---i
chu,твои,,твоимь,Ps2s---oi---i
chu,твои,,твоихъ,Ps2p---qg---i
chu,твои,,твоихъ,Ps2p---ql---i
chu,тѧжько,,тѧжъко,Df-------p--i
chu,тѧжько,,тѧжько,Df-------p--i
chu,тожде,,тожде,Df----------n
chu,тоунѥ,,тоунѥ,Df----------n
chu,тоунѥ,,тоуне,Df----------n
chu,тоу,,тоу,Df----------n
chu,трѣбѣ,,трѣбѣ,Df----------n
chu,третии,,третиѫ,Mo-s---fa---i
chu,третии,,третиѭ,Mo-s---fa---i
chu,третии,,трети,Mo-s---ma-a-i
chu,третии,,трети,Mo-s---ma-i-i
chu,третии,,трети,Mo-s---mn---i
chu,третии,,третиѣа,Mo-s---fn---i
chu,третии,,третиѣаго,Mo-s---og---i
chu,третии,,третиее,Mo-s---na---i
chu,третии,,третиее,Mo-s---nn---i
chu,третии,,третии,Mo-d---ra---i
chu,третии,,третии,Mo-d---rn---i
chu,третии,,третии,Mo-p---mn---i
chu,третии,,третии,Mo-s---ma-a-i
chu,третии,,третии,Mo-s---ma-i-i
chu,третии,,третии,Mo-s---mn---i
chu,третиицеѭ,,третиицеѭ,Df----------n
chu,третиицеѭ,,третицеѭ,Df----------n
chu,третиици,,третиици,Df----------n
chu,триѥ,,тремъ,Ma-p---qd---i
chu,триѥ,,трехъ,Ma-p---ql---i
chu,триѥ,,три,Ma-p---ma-a-i
chu,триѥ,,три,Ma-p---ma-i-i
chu,триѥ,,триѥ,Ma-p---mn---i
chu,триѥ,,три,Ma-p---ra---i
chu,триѥ,,три,Ma-p---rn---i
chu,триѥ,,трие,Ma-p---mn---i
chu,триѥ,,трии,Ma-p---qg---i
chu,триѥ,,трье,Ma-p---mn---i
chu,триѥ,,трьми,Ma-p---qi---i
chu,тꙑсѧщи,,тꙑсѫштѧ,Ma-p---fa---i
chu,тꙑсѧщи,,тꙑсѫштѧ,Ma-p---fn---i
chu,тꙑсѧщи,,тꙑсѫштѧ,Ma-s---fg---i
chu,тꙑсѧщи,,тꙑсѫштамъ,Ma-p---fd---i
chu,тꙑсѧщи,,тꙑсѫшти,Ma-s---fn---i
chu,тꙑсѧщи,,тꙑсѫштъ,Ma-p---fg---i
chu,тꙑсѧщи,,тꙑсѫшть,Ma-p---fg---i
chu,тꙑсѧщи,,тꙑсѭшть,Ma-p---fg---i
chu,тꙑсѧщи,,тꙑсѧщи,Ma-s---fn---i
chu,тꙑсѧщи,,тꙑсѫщь,Ma-p---fg---i
chu,т҃,,т҃,Ma-s---mn---i
chu,тꙑ,,тѧ,Pp2s---qa---i
chu,тꙑ,,тꙑ,Pp2s---qn---i
chu,тꙑ,,тебѣ,Pp2s---qd---i
chu,тꙑ,,тебѣ,Pp2s---ql---i
chu,тꙑ,,тебе,Pp2s---qa---i
chu,тꙑ,,тебе,Pp2s---qg---i
chu,тꙑ,,ти,Pp2s---qd---i
chu,тꙑ,,тобоѭ,Pp2s---qi---i
chu,тъгдажде,,тъгдажде,Df----------n
chu,тъгда,,тогда,Df----------n
chu,тъгда,,тъгда,Df----------n
chu,тъжде,,тожде,Pd-s---na---i
chu,тъжде,,тожде,Pd-s---nn---i
chu,тъжде,,томоужде,Pd-s---od---i
chu,тъжде,,томьжде,Pd-s---ol---i
chu,тъжде,,тъжде,Pd-s---ma-a-i
chu,тъжде,,тъжде,Pd-s---ma-i-i
chu,тъжде,,тъжде,Pd-s---mn---i
chu,тъкъмо,,ткмо,Df----------n
chu,тъкъмо,,ткъмо,Df----------n
chu,тъкъмо,,токмо,Df----------n
chu,тъкъмо,,токъмо,Df----------n
chu,тъкъмо,,тъкмо,Df----------n
chu,тъкъмо,,тъкъмо,Df----------n
chu,тъкъмо,,тькмо,Df----------n
chu,тъ,,тъѣ,Pd-p---ql---i
chu,тъ,,тъа,Pd-p---qg---i
chu,тъ,,тъо,Pd-p---qa---i
chu,тъ,,тъо,Pd-p---qn---i
chu,тъ,,тъо,Pd-p---qv---i
chu,тъ,,тъомь,Pd-p---qi---i
chu,тъ,,тъоу,Pd-p---qd---i
chu,тъщьно,,тъштъно,Df-------p--i
chu,тъщьно,,тъщьно,Df-------p--i
chu,четврътъ,,четврътъи,Mo-p---qa---i
chu,четврътъ,,четврътъи,Mo-p---qn---i
chu,четврътъ,,четврътъи,Mo-p---qv---i
chu,четврътъ,,четврътъьи,Mo-p---qg---i
chu,четврътъ,,четврътъьми,Mo-p---qi---i
chu,четврътъ,,четврътъьмъ,Mo-p---qd---i
chu,четврътъ,,четврътъьхъ,Mo-p---ql---i
chu,четꙑрe,,четꙑрe,Ma-p---mn---i
chu,четꙑрe,,четꙑремъ,Ma-p---qd---i
chu,четꙑрe,,четꙑри,Ma-p---ma-a-i
chu,четꙑрe,,четꙑри,Ma-p---ma-i-i
chu,четꙑрe,,четꙑри,Ma-p---ra---i
chu,четꙑрe,,четꙑри,Ma-p---rn---i
chu,четꙑрe,,четꙑръ,Ma-p---qg---i
chu,четꙑрe,,четꙑръми,Ma-p---qi---i
chu,четꙑрe,,четꙑрьми,Ma-p---qi---i
chu,чии,,чи,Pi-s---mn---i
chu,чии,,чии,Pi-s---ma-a-i
chu,чии,,чии,Pi-s---ma-i-i
chu,чии,,чии,Pi-s---mn---i
chu,чисто,,чисто,Df-------p--i
chu,чѧсто,,чѧсто,Df-------p--i
chu,чьто,,чемъ,Pi-s---nl---i
chu,чьто,,чемъ,Px-s---nl---i
chu,чьто,,чесо,Pi-s---ng---i
chu,чьто,,чесо,Px-s---ng---i
chu,чьто,,чесомоу,Pi-s---nd---i
chu,чьто,,чесомоу,Px-s---nd---i
chu,чьто,,чимъ,Pi-s---ni---i
chu,чьто,,чимъ,Px-s---ni---i
chu,чьто,,чимь,Pi-s---ni---i
chu,чьто,,чимь,Px-s---ni---i
chu,чьто,,что,Pi-s---na---i
chu,чьто,,что,Pi-s---nn---i
chu,чьто,,что,Px-s---na---i
chu,чьто,,что,Px-s---nn---i
chu,чьто,,чъто,Pi-s---na---i
chu,чьто,,чъто,Pi-s---nn---i
chu,чьто,,чъто,Px-s---na---i
chu,чьто,,чъто,Px-s---nn---i
chu,чьто,,чьто,Pi-s---na---i
chu,чьто,,чьто,Pi-s---nn---i
chu,чьто,,чьто,Px-s---na---i
chu,чьто,,чьто,Px-s---nn---i
chu,шестъ,,шестъи,Mo-p---qa---i
chu,шестъ,,шестъи,Mo-p---qn---i
chu,шестъ,,шестъи,Mo-p---qv---i
chu,шестъ,,шестъьи,Mo-p---qg---i
chu,шестъ,,шестъьми,Mo-p---qi---i
chu,шестъ,,шестъьмъ,Mo-p---qd---i
chu,шестъ,,шестъьхъ,Mo-p---ql---i
chu,шесть,,шести,Ma-s---fd---i
chu,шесть,,шести,Ma-s---fg---i
chu,шесть,,шести,Ma-s---fl---i
chu,шесть,,шесть,Ma-s---fa---i
chu,шесть,,шесть,Ma-s---fn---i
chu,ѥще,,еште,Df----------n
chu,ѥще,,еще,Df----------n
chu,ѥще,,ещте,Df----------n
chu,ѥще,,ѥще,Df----------n
